<?xml version="1.0" encoding="UTF-8"?>
<project-private xmlns="http://www.netbeans.org/ns/project-private/1">
    <editor-bookmarks xmlns="http://www.netbeans.org/ns/editor-bookmarks/2" lastBookmarkId="0"/>
    <open-files xmlns="http://www.netbeans.org/ns/projectui-open-files/2">
        <group>
            <file>file:/C:/Users/Home/Desktop/AppTriviaIsmaelSS/src/apptriviaismaelss/Categoria.java</file>
            <file>file:/C:/Users/Home/Desktop/AppTriviaIsmaelSS/src/apptriviaismaelss/Jugador.java</file>
            <file>file:/C:/Users/Home/Desktop/AppTriviaIsmaelSS/src/apptriviaismaelss/FrmTabla.java</file>
            <file>file:/C:/Users/Home/Desktop/AppTriviaIsmaelSS/src/apptriviaismaelss/FrmTrivia.java</file>
            <file>file:/C:/Users/Home/Desktop/AppTriviaIsmaelSS/src/apptriviaismaelss/Pregunta.java</file>
            <file>file:/C:/Users/Home/Desktop/AppTriviaIsmaelSS/src/apptriviaismaelss/FrmBienvienida.java</file>
            <file>file:/C:/Users/Home/Desktop/AppTriviaIsmaelSS/src/apptriviaismaelss/FrmReglas.java</file>
            <file>file:/C:/Users/Home/Desktop/AppTriviaIsmaelSS/src/apptriviaismaelss/Juego.java</file>
        </group>
    </open-files>
</project-private>
